src,dest
Repairs Maintenance Transformateurs de Mesure Transformateurs de Mesure TDM_35,Transformateurs de Mesure TDM_50
Replacement Renewal Contrôles Commande Local Contrôles Commande Local FondPoste_Analogique,Contrôles Commande Local FondPoste_Numerique
Replacement Renewal Contrôles Commande Local Contrôles Commande Local PDB_Analogique,Contrôles Commande Local PDB_Numerique
Replacement Renewal Contrôles Commande Local Contrôles Commande Local Tranche_Analogique,Contrôles Commande Local Tranche_Numerique
Replacement Renewal Lignes Aériennes Lignes Aériennes AluminiumAcier,Lignes Aériennes Homogene
Replacement Renewal Lignes Souterraines Lignes Souterraines HuileFluide,Lignes Souterraines Synthetique
Replacement Renewal Lignes Souterraines Lignes Souterraines Oleostatique,Lignes Souterraines Synthetique
Replacement Renewal Lignes Souterraines Lignes Souterraines PapierImpregne,Lignes Souterraines Synthetique
Replacement Renewal Pylônes Pylônes Beton,Pylônes Acier
Replacement Renewal Pylônes Pylônes Bois,Pylônes Acier
Replacement Replacement Contrôles Commande Local Contrôles Commande Local FondPoste_Analogique,Contrôles Commande Local FondPoste_Numerique
Replacement Replacement Contrôles Commande Local Contrôles Commande Local PDB_Analogique,Contrôles Commande Local PDB_Numerique
Replacement Replacement Contrôles Commande Local Contrôles Commande Local Tranche_Analogique,Contrôles Commande Local Tranche_Numerique
Replacement Replacement Lignes Aériennes Lignes Aériennes AluminiumAcier,Lignes Aériennes Homogene
Replacement Replacement Lignes Souterraines Lignes Souterraines HuileFluide,Lignes Souterraines Synthetique
Replacement Replacement Lignes Souterraines Lignes Souterraines Oleostatique,Lignes Souterraines Synthetique
Replacement Replacement Lignes Souterraines Lignes Souterraines PapierImpregne,Lignes Souterraines Synthetique
Replacement Replacement Pylônes Pylônes Beton,Pylônes Acier
Replacement Replacement Pylônes Pylônes Bois,Pylônes Acier
